{
    "002-Terraform_COBRA":

    {

        "COBRA_LAN02": {
            "vm1": {
                "name_in_VCenter": "PP8_host",
                "vm_name": "PP8_host",
                "type_of_scenario": "SMART_OFFICE",
                "type_of_OS": "LINUX",
                "ip_dir": "10.1.3.240",
                "type_of_vm": "HOST",
                "services_in_vm": ["BBDD_POSTGRES","BBDD_MYSQL","ICMP_PING","WEB", "HTTPS", "SNMP", "REMOTE_SSH", "REMOTE_SCP"],
                "reachable_vms": ["10.1.3.241"]
            },
            "vm2": {
                "name_in_VCenter": "PP8_server",
                "vm_name": "PP8_server",
                "type_of_scenario": "SMART_OFFICE",
                "type_of_OS": "LINUX",
                "ip_dir": "10.1.3.241",
                "type_of_vm": "SERVER",
                "services_in_vm": ["HTTP", "HTTPS", "SNMP", "REMOTE_SSH", "REMOTE_SCP"],
                "reachable_vms": ["10.1.3.240"]
            }
        }
    }
}