{
    "001-Terraform_COBRA": {
        "COBRA_LAN01": {
            "vm1": {
                "name_in_VCenter": "vm_Servidor_01",
                "vm_name": "COBRA_host_01",
                "type_of_scenario": "SMART_HOME/SMART_INDUSTRY/SMART_OFFICE",
                "os_type": "LINUX",
                "ip_address": "10.1.2.1",
                "vm_type": "HOST",
                "services_in_vm": [
                    "MQTT",
                    "SNMP",
                    "ICMP_PING",
                    "ICMP_TRACE",
                    "REMOTE_SSH",
                    "REMOTE_SCP",
                    "BBDD_POSTGRES",
                    "BBDD_MYSQL"
                ],
                "reachable_vms": [
                    "10.1.2.2",
                    "10.1.2.3",
                    "30.1.3.1",
                    "30.1.3.2"
                ]
            },
            "vm2": {
                "name_in_VCenter": "vm_Host_02",
                "vm_name": "COBRA_server_02",
                "type_of_scenario": "SMART_HOME/SMART_INDUSTRY/SMART_OFFICE",
                "os_type": "LINUX",
                "ip_address": "100.1.2.2",
                "vm_type": "SERVER",
                "services_in_vm": [
                    "MQTT",
                    "SNMP",
                    "ICMP_PING",
                    "ICMP_TRACE",
                    "REMOTE_SSH",
                    "REMOTE_SCP",
                    "BBDD_POSTGRES",
                    "BBDD_MYSQL"
                ],
                "reachable_vms": [
                    "10.1.2.1",
                    "10.1.2.3",
                    "30.1.3.1",
                    "30.1.3.2"
                ]
            },
            "vm3": {
                "name_in_VCenter": "vm_Host_03",
                "vm_name": "COBRA_host_03",
                "type_of_scenario": "SMART_HOME/SMART_INDUSTRY/SMART_OFFICE",
                "os_type": "LINUX",
                "ip_address": "10.1.2.3",
                "vm_type": "HOST",
                "services_in_vm": [
                    "MQTT",
                    "SNMP",
                    "ICMP_PING",
                    "ICMP_TRACE",
                    "REMOTE_SSH",
                    "REMOTE_SCP",
                    "BBDD_POSTGRES",
                    "BBDD_MYSQL"
                ],
                "reachable_vms": [
                    "10.1.2.1",
                    "10.1.2.2",
                    "30.1.3.1",
                    "30.1.3.2"
                ]
            }
        },
        "COBRA_LAN02": {
            "vm1": {
                "name_in_VCenter": "vm_Workstation_01",
                "vm_name": "COBRA_workstation_01",
                "type_of_scenario": "SMART_HOME/SMART_INDUSTRY/SMART_OFFICE",
                "os_type": "LINUX",
                "ip_address": "30.1.3.1",
                "vm_type": "HOST",
                "services_in_vm": [
                    "WEB",
                    "SNMP",
                    "ICMP_PING",
                    "ICMP_TRACE",
                    "REMOTE_SSH",
                    "REMOTE_SCP",
                    "BBDD_POSTGRES",
                    "BBDD_MYSQL"
                ],
                "reachable_vms": [
                    "10.1.2.1",
                    "10.1.2.2",
                    "10.1.2.3",
                    "30.1.3.2"
                ]
            },
            "vm2": {
                "name_in_VCenter": "vm_server_01",
                "vm_name": "COBRA_server_01",
                "type_of_scenario": "SMART_HOME/SMART_INDUSTRY/SMART_OFFICE",
                "os_type": "LINUX",
                "ip_address": "300.1.3.2",
                "vm_type": "SERVER",
                "services_in_vm": [
                    "WEB",
                    "SNMP",
                    "ICMP_PING",
                    "ICMP_TRACE",
                    "REMOTE_SSH",
                    "REMOTE_SCP",
                    "BBDD_POSTGRES",
                    "BBDD_MYSQL"
                ],
                "reachable_vms": [
                    "10.1.2.1",
                    "10.1.2.2",
                    "10.1.2.3",
                    "30.1.3.1"
                ]
            },
            "vm3": {
                "name_in_VCenter": "vm_Workstation_02",
                "vm_name": "COBRA_workstation_02",
                "type_of_scenario": "SMART_HOME/SMART_INDUSTRY/SMART_OFFICE",
                "os_type": "LINUX",
                "ip_address": "30.1.3.1",
                "vm_type": "HOST",
                "services_in_vm": [
                    "WEB",
                    "SNMP",
                    "ICMP_PING",
                    "ICMP_TRACE",
                    "REMOTE_SSH",
                    "REMOTE_SCP",
                    "BBDD_POSTGRES",
                    "BBDD_MYSQL"
                ],
                "reachable_vms": [
                    "10.1.2.1",
                    "10.1.2.2",
                    "10.1.2.3",
                    "30.1.3.2"
                ]
            }
        }
    }
}